"AwardOrgCode","AwardOrgUKPRN","AwardOrgName","AwardOrgShortName","AwardOrgAcronym","AwardOrgNonExtant","AwardOrgNotes","AwardOrgHigherEducationInstitution","EffectiveFrom","EffectiveTo"
"AABPS","10036618","Accrediting and Assessment Bureau for Post-Secondary Schools","","","N","","N","01 Oct 2010",""
"AAT","10022663","Association of Accounting Technicians","Assoc.of Accounting Technic'ns","AAT","N","","N","26 Mar 2001",""
"ABBE","10022665","Awarding Body for the Built Environment","Award Bod Built Env","ABBE","N","EZ 0607AU: VT: Mod KT 20200220: Mod","N","26 Mar 2001",""
"ABC","10022660","Skills and Education Group Awards","SEGA","ABC","N","EZ 0607AU: VT: Mod","N","26 Mar 2001",""
"ABCC","90000531","Association of British Cycling Coaches","Association of British Cycling","ABCC","N","EZ 0607AU: VT: Mod","N","26 Mar 2001",""
"ABDO","10000047","Association of British Dispensing Opticians","Ass Brit Dispensing Opticians","ABDO","N","","N","26 Mar 2001",""
"ABE","10022664","Association of Business Executives","Assoc Business Executives","ABE","N","EZ 0607AU: VT: Mod","N","26 Mar 2001",""
"ABMA","10036621","ABMA Education Ltd","ABMA Ed","ABMA","N","KT 20200220: Mod","N","01 Dec 2011",""
"ABRS","10043177","Association of British Riding Schools","Assoc British Riding Schools","ABRS","N","EZ 0607AU: VT: Mod KT 20200220: Mod","N","26 Mar 2001",""
"ABRSM","10021870","Associated Board of the Royal Schools of Music","Ass Board Roy Schools of Music","ABRSM","N","","N","26 Mar 2001",""
"ACC","","Animal Care College","Animal Care College","ACC","Y","EZ 0607AU: VT: Mod KT 20200220: Mod","N","26 Mar 2001","20 Feb 2020"
"ACCA","10010201","Association of Chartered Certified Accountants","","ACCA","N","EZ 0607AU: VT: Mod","N","26 Mar 2001",""
"ACTIVEIQ","10022661","Active IQ","Active IQ","ACTIVEIQ","N","AB. 20071023 Mod KT 20200220: Mod","N","01 Jun 2004",""
"AENA","","All England Netball Association Ltd","","AENA","Y","See EN award organisation code","N","26 Mar 2001","27 Oct 2004"
"AIA","10036630","Association of International Accountants","","","N","","N","01 Feb 2012",""
"AIMAWARD","10032760","Aim Qualifications","Aim Qual","","N","EZ 0607AU: VT: Mod KT 20200220: Mod","N","26 Mar 2001",""
"AMERC","90000580","Association of Marine Electronic and Radio Colleges","","AMERC","N","KT 20200220: Mod","N","26 Mar 2001",""
"AMI","90000551","Association Montessori Internationale (AMI)","","","N","","N","26 Mar 2001",""
"AMSPAR","10022710","Assoc of Medical Secretaries/Practice Managers/Administrators & Recept","","AMSPAR","N","EZ 0607AU: VT: Mod","N","26 Mar 2001",""
"AMTRA","90000564","Animal Medicines Training Regulatory Authority","","AMTRA","N","","N","26 Mar 2001",""
"ANM","10029618","Association of Natural Medicine","","ANM","N","EZ 0607AU: VT: Mod","N","26 Mar 2001",""
"AOFAQ","10036620","AoFA Qualifications","","","N","","N","01 Jun 2011",""
"APS","","Association of Professional Sales","Assoc. Pro Sales","APS","N","","N","19 Jun 2019",""
"APTAWARD","","apt awards (Formerly Open College Network South West Region)","","OCNSWR","Y","","N","01 Jan 2006","31 Jul 2015"
"APTED","","AptEd","","","Y","","N","01 Aug 2015","31 Oct 2015"
"APU","10000291","Anglia Ruskin University","Anglia Ruskin University","APU","N","","Y","26 Mar 2001",""
"AQA","10020071","AQA Education","AQA Ed","AQA","N","KT 20200220: Mod","N","26 Mar 2001",""
"AQACG","","AQA / City and Guilds","","","Y","KT 20200220: Mod","N","01 Jan 2008","20 Feb 2020"
"AR","90000532","Association of Reflexologists","Assoc Reflexologists","AoR","N","EZ 0607AU: VT: Mod","N","26 Mar 2001",""
"ARA","10027646","Amateur Rowing Association","","ARA","N","","N","26 Mar 2001",""
"ARDU","10005451","Arden University","Arden University","ARDU","N","","Y","01 Aug 2019",""
"ASA","10013106","Institute of Swimming Ltd","","","N","EZ 0607AU: VT: Mod KT 20200220: Mod","N","26 Mar 2001",""
"ASCENTIS","10026027","Ascentis","","","N","EZ 0607AU: VT: Mod","N","26 Mar 2001",""
"ASDAN","10022662","Award Scheme Development and Accreditation Network","ASDAN","ASDAN","N","EZ 0607AU: VT: Mod KT 20200220: Mod","N","26 Mar 2001",""
"ASFI","","Accredited Skills for Industry","","","Y","KT 20200220: Mod","N","01 Jul 2010","20 Feb 2020"
"ASHBUSNS","","The Ashridge (BONAR LAW MEMORIAL) Trust","","","Y","KT 09/07/2020: Mod","N","01 Oct 2014",""
"ASHRIDGE","10008899","Ashridge","","","N","","Y","01 Aug 2016",""
"ASME","90000601","American Society of Mechanical Engineers","ASME","ASME","N","EZ 0607AU: VT: Mod","N","26 Mar 2001",""
"ASQ","10032976","Associated Sports Qualifications","Assoc Sports Quals","ASQ","N","KT 20200220: Mod","N","01 Sep 2007",""
"ASTONUNI","10007759","Aston University","Aston University","ASTONUNI","N","","Y","01 Jul 2006",""
"ATHE","10036379","ATHE Ltd","","","N","","N","01 Aug 2011",""
"ATT","90000591","Association of Taxation Technicians (The)","Assoc of Taxation Technicians","ATT","N","","N","26 Mar 2001",""
"AUB","10000385","Arts University Bournemouth","","","N","","Y","01 Sep 2014",""
"AVA","10030453","Awarding Body for Vocational Achievement Ltd","","","N","","N","01 Jan 2011",""
"BAA","","British Awarding Association","","","N","Changed from Awarding Body for Vocational Achievement Ltd in March 2017 KT 20200220: Mod","N","01 Jan 2011","20 Feb 2020"
"BAGA","10022668","British Gymnastics","British Gymnastics","","N","","N","26 Mar 2001","01 Feb 2011"
"BASC","10013170","British Association for Shooting and Conservation","Brit Assoc for Shoot and Cons","BASC","N","EZ 0607AU: VT: Mod KT 20200220: Mod","N","26 Mar 2001",""
"BASI","90000587","British Association of Snowsport Instructors","","BASI","N","KT 20200220: Mod","N","26 Mar 2001",""
"BASSC","90000602","British Academy of Stage and Screen Combat","","","N","KT 20200220: Mod","N","26 Mar 2001",""
"BATFC","10000754","Blackpool and The Fylde College","Blackpool-The Fylde College","BATFC","N","","Y","02 Nov 2017",""
"BATHSPA","10000571","Bath Spa University","Bath Spa","BATHSPA","N","","Y","30 Jul 2004",""
"BBA","90000584","British Beekeepers' Association","British Beekeepers Association","BBA","N","EZ 0607AU: VT: Mod","N","26 Mar 2001",""
"BBO","10022667","British Ballet Organisation","","BBO","N","","N","26 Mar 2001",""
"BCS","10022712","BCS - The Chartered Institute for IT","","","N","EZ 0607AU: VT: Mod","N","26 Mar 2001",""
"BCU","10010292","British Canoeing","British Canoeing","","N","KT 20200220: Mod","N","26 Mar 2001",""
"BCUNIV","10007140","Birmingham City University","","","N","","Y","26 Mar 2001",""
"BDRIVS","10018894","British Driving Society","","BDS","N","","N","26 Mar 2001",""
"BDS","90000521","British Display Society","","BDS","N","","N","26 Mar 2001",""
"BFCL","90000556","Blue Flame Certification Ltd","","BFCL","N","KT 20200220: Mod","N","01 Jan 2007",""
"BG","","BG Group","British Gas","","Y","EZ 0607AU: VT: Mod KT 20200220: Mod","N","26 Mar 2001","10 Mar 2020"
"BHSQ","10022680","The British Horse Society Qualifications Limited","BHSQ","BHSQ","N","","N","26 Mar 2001",""
"BHTB","10022669","Racing to School","British Horseracing Training B","BHTB","N","EZ 0607AU: VT: Mod KT 20200220: Mod","N","26 Mar 2001",""
"BICS","10009708","British Institute of Cleaning Science","Brit Inst of Cleaning Science","BICS","N","EZ 0607AU: VT: Mod","N","26 Mar 2001",""
"BIFM","10029857","Institute of Workplace and Facilities Management","","BIFM","N","EZ 0607AU: VT: Mod KT 20200220: Mod","N","26 Mar 2001",""
"BIIAB","10036631","BIIAB","","","N","","N","26 Mar 2001",""
"BIPP","90000563","British Institute of Professional Photography","","BIPP","N","EZ 0607AU: VT: Mod","N","26 Mar 2001",""
"BISHOPG","10007811","Bishop Grosseteste University","","","N","","Y","10 Sep 2009",""
"BNU","10000824","Bournemouth University","","","N","","Y","26 Mar 2001",""
"BOF","10029685","British Orienteering Federation","","BOF","N","","N","26 Mar 2001",""
"BOLTONIN","10006841","University of Bolton","University of Bolton","","N","","Y","06 Sep 2004",""
"BPA","","British Powerlifting Association","","","Y","See GBPF award organisation code","N","26 Mar 2001","31 Jul 2015"
"BPEC","","British Plumbing Employers Council","","","Y","EZ 0607AU: VT: Mod KT 20200220: Mod","N","26 Mar 2001","24 Mar 2020"
"BPECT","10032878","BPEC Certification Limited","Brit Plumbing Employers Cncl","","N","EZ 0607AU: VT: Mod","N","26 Mar 2001",""
"BPICS","","Institute of Operations Management","Inst Operations Management","IOM","Y","EZ 0607AU: VT: Mod KT 20200220: Mod","N","26 Mar 2001","24 Mar 2020"
"BPIF","10000929","British Printing Industries Federation Training Organisation","Brit Printing Industries Fedn","BPIF","N","","N","26 Mar 2001",""
"BSCA","90000511","British Schools Cycling Association","","BSCA","N","","N","26 Mar 2001",""
"BSCAWARD","10025188","British Safety Council","Brit Safety Council","BSC","N","KT 20200220: Mod","N","12 May 2005",""
"BSURFA","10043202","Surfing Great Britain","","BSA","N","KT 20200220: Mod","N","26 Mar 2001",""
"BU","10006840","University of Birmingham","","BU","N","KT 20200220: Mod","Y","26 Mar 2001",""
"BUCKSNEW","10000975","Buckinghamshire New University","","","N","","Y","01 Dec 2012",""
"BUL","10000961","Brunel University London","","","N","","Y","01 Jul 2018",""
"BWY","10036632","British Wheel of Yoga Qualifications","","BWY","N","KT 20200220: Mod","N","26 Mar 2001",""
"CAA","90000535","Civil Aviation Authority Safety Regulation Group","Civil Aviation Authority","","N","EZ 0607AU: VT: Mod","N","26 Mar 2001",""
"CAB","10009647","Citizens Advice","","NACAB","N","EZ 0607AU: VT: Mod","N","26 Mar 2001",""
"CABWI","10022671","CABWI Awarding Body","CABWI","CABWI","N","","N","26 Mar 2001",""
"CACHE","10001708","Council for Awards in Care, Health and Education (Formerly Council for Awards in Children's Care and Education)","","CACHE","N","EZ 0607AU: VT: Mod","N","26 Mar 2001",""
"CAE","10038961","Cambridge Assessment English","","NEA","N","AB 20140324 Amended org code. KT 20180801 Amended org code from CELA","N","01 Aug 2018",""
"CAIE","10038807","Cambridge Assessment International Education","","","N","KT 20180801 Amended org code from CIE","N","01 Aug 2018",""
"CAVA","90000529","Cambridge Access Validating Agency (The)","","CAVA","N","EZ 0607AU: VT: Mod","N","26 Mar 2001",""
"CCCU","10001143","Canterbury Christ Church University","","","N","20170905 AB. Added","Y","01 Aug 2017",""
"CCEA","10030501","Northern Ireland Council for the Curriculum, Examinations and Assessme","","","N","","N","26 Mar 2001",""
"CCNQ","10004772","City College Norwich Qualifications","","","N","","N","01 Dec 2009",""
"CCNSG","90000520","Client Contract National Safety Group","","","N","","N","26 Mar 2001",""
"CELA","10038961","Cambridge English Language Assessment","","","N","AB. 20140324 Amended org code. KT 20180801 Amended org code to CAE","N","01 Jan 2008",""
"CELL","10036637","Constructing Excellence in Learning Limited","","","N","","N","01 Aug 2015",""
"CEM","","College of Estate Management (The)","College of Estate Management (","","Y","Use UCEM code as University College status gained","Y","26 Mar 2001","31 Jul 2016"
"CERTA","10029237","Open College Network Yorkshire and Humber Region (trading as CERTA)","OCNYHR trading as Certa","","N","AB. 20140324 Amended org code from OCNYHR to CERTA.","N","26 Mar 2001",""
"CFAC","90000512","Cambridge First Aid Consultants","","CAMFAC","N","EZ 0607AU: VT: Mod","N","26 Mar 2001",""
"CFAUK","10036355","CFA Society of UK","UK Society of Investment Prof","UKSIP","N","EZ 0607AU: VT: Mod","N","26 Mar 2001",""
"CG","10009931","City & Guilds of London Institute","City & Guilds","CG","N","","N","26 Mar 2001",""
"CI","10033159","Crossfields Institute","","","N","","N","01 Aug 2015",""
"CIBTAC","10036634","Confederation of International Beauty Therapy & Cosmetology","Confed Int Beauty Th & Cosmet","CIBTAC","N","EZ 0607AU: VT: Mod","N","26 Mar 2001",""
"CICM","10054353","Chartered Institute of Credit Management","","","N","","N","01 Aug 2015",""
"CIE","10038807","Cambridge International Examinations","","","N","KT 20180801 Amended Org code to CAIE","N","01 Sep 2014",""
"CIEH","10020617","Chartered Institute of Environmental Health (The)","Chart Inst of Env Health","CIEH","N","EZ 0607AU: VT: Mod","N","26 Mar 2001",""
"CIEP","90000606","Centre International D'etudes Pedagogiques","Centre International D'etudes","","N","EZ 0607AU: VT: Mod","N","25 Mar 2003",""
"CIH","10001328","Chartered Institute of Housing","Chartered Institute of Housing","CIH","N","EZ 0607AU: VT: Mod","N","26 Mar 2001",""
"CII","10012542","Chartered Insurance Institute (The)","Chartered Insurance Institute","CII","N","EZ 0607AU: VT: Mod","N","26 Mar 2001",""
"CILEX","10038999","Chartered Institute of Legal Executives","","","N","","N","01 Aug 2015",""
"CILTUK","10010463","Chartered Institute of Logistics and Transport in the UK (The)","","","N","","N","26 Mar 2001",""
"CIM","10001330","Chartered Institute of Marketing","Chartered Inst. of Marketing","CIM","N","EZ 0607AU: VT: Mod","N","26 Mar 2001",""
"CIMA","10020663","Chartered Institute of Management Accountants","Chartered Inst Mgt Accountants","CIMA","N","","N","26 Mar 2001",""
"CIMGT","","Chartered Management Institute","Chartered Management Institute","","Y","See CMI award organisation code","N","26 Mar 2001","31 Jul 2015"
"CIOB","10022673","Chartered Institute of Building (The)","Chartered Inst. of Building","CIOB","N","EZ 0607AU: VT: Mod","N","26 Mar 2001",""
"CIOBCIH","","Chartered Institute of Building and Chartered Institute of Housing","","","Y","See CIOB and CIH award organisation codes","N","01 Nov 2007","31 Jul 2015"
"CIPD","10009191","Chartered Institute of Personnel and Development","Chartered Inst of Personnel","CIPD","N","EZ 0607AU: VT: Mod","N","26 Mar 2001",""
"CIPFA","10020639","Chartered Institute of Public Finance & Accountancy","Chart'd Inst Pub Finance & Acc","CIPFA","N","","N","26 Mar 2001",""
"CIPS","10001331","Chartered Institute of Procurement and Supply","","CIPS","N","","N","26 Mar 2001",""
"CISI","10036633","Chartered Institute for Securities and Investment","","","N","EZ 0607AU: VT: Mod","N","13 Feb 2004",""
"CITB","10001436","CITB Construction Skills","Construction ITB","","N","EZ 0607AU: VT: Mod","N","26 Mar 2001",""
"CITY","10001478","City University","","","N","","Y","26 Mar 2001",""
"CLC","10022496","Council for Licensed Conveyancers","Council Licensed Conveyancers","","N","EZ 0607AU: VT: Mod","N","26 Mar 2001",""
"CMI","10001333","Chartered Management Institute (The)","","CMI","N","","N","03 Dec 2002",""
"COT","10039575","College of Teachers (The)","College of Teachers (The)","","N","EZ 0607AU: VT: Mod","N","26 Mar 2001",""
"CPCAB","10022674","Counselling & Psychotherapy Central Awarding Body","CPCAB","CPCAB","N","EZ 0607AU: VT: Mod","N","26 Mar 2001",""
"CQ","10039172","Central Qualifications","","","N","","N","01 Nov 2011",""
"CQI","10022768","Chartered Quality Institute","","","N","","N","26 Mar 2001",""
"CRANFIELD","10007822","Cranfield University","","","N","","Y","01 Aug 2016",""
"CSCT","10001265","Central School of Counselling & Therapy","","CSCT","N","","N","26 Mar 2001",""
"CSKILLS","90000621","ConstructionSkills","ConstructionSkills","","N","EZ 0607AU: VT: Mod","N","26 Mar 2001",""
"CSKILLS AWARDS","","Cskills Awards, part of the NOCN Group","Cskills Awards","","N","EZ 0607AU: VT: Mod","N","26 Jun 2018",""
"CSL","10004878","Open College of Sign Language","Open College of Sign Language","OCSL","N","EZ 0607AU: VT: Mod","N","26 Mar 2001",""
"CTH","10030506","Confederation of Tourism and Hospitality","","","N","","N","01 May 2010",""
"CTS","90000559","Computer Training Specialists Ltd","","CTS","N","EZ 0607AU: VT: Mod","N","26 Mar 2001",""
"CU","10001726","Coventry University","","","N","","Y","26 Mar 2001",""
"CYQ","10008155","Central YMCA Qualifications","Central YMCA","CYQ","N","EZ 0607AU: VT: Mod","N","26 Mar 2001","30 Jun 2015"
"DAO","10038301","Defence Awarding Organisation","","","N","","N","01 Jun 2014",""
"DEA","10033982","The Duke of Edinburgh's Award","","","N","EZ 0607AU: VT: Mod","N","26 Mar 2001",""
"DMQ","90000555","Deer Management Qualifications","","DMQ","N","","N","26 Mar 2001",""
"DMU","10001883","De Montfort University","De Montfort University","","N","","Y","01 Oct 2004",""
"DNAA","","DNA Awards Ltd","","","Y","","N","01 Oct 2009","31 Jul 2015"
"DSAQ","90000604","DSA Qualification Awarding Board","","","N","","N","01 Jun 2012",""
"DTPD","90000502","Driving Standards Agency","Driving Standards Agency","DSA","N","","N","26 Mar 2001",""
"EAL","10022677","Excellence, Achievement & Learning Limited","","EAL","N","KT 20180801 Amended org code from EMTA","N","01 Aug 2018",""
"EBBA","10027809","England Basketball","","EBBA","N","EZ 0607AU: VT: Mod","N","26 Mar 2001",""
"ECB","10013548","England and Wales Cricket Board","England & Wales Cricket Board","ECB","N","EZ 0607AU: VT: Mod","N","26 Mar 2001",""
"ECITB","10002262","Engineering Construction Industry Training Board","Engineering Construction ITB","ECITB","N","","N","26 Mar 2001",""
"EDEXCEL","10022490","Pearson Education Ltd (Formerly EDEXCEL)","EDEXCEL","","N","EZ 0607AU: VT: Mod","N","26 Mar 2001",""
"EDGEHU","10007823","Edge Hill University","Edge Hill University","","N","","Y","01 Dec 2006",""
"EDI","10022675","Education Development International plc","","EDI","N","EZ 0607AU: VT: Mod","N","26 Aug 2004",""
"EDINBRNU","10007772","Edinburgh Napier University","","","N","","N","01 Aug 2015",""
"EFR","10021713","EFR Ltd","EFR Ltd","EFR","N","EZ 0607AU: VT: Mod","N","26 Mar 2001",""
"EMD","10036639","EMD (Qualifications) Ltd","","","N","","N","01 May 2012",""
"EMPI","","Extractives and Mineral Processing Industries Awards","EMPI Awards","","N","","N","02 Apr 2019",""
"EMTA","10022677","EMTA Awards Ltd","EMTA Awards Ltd","EMTAAL","N","KT 20180801 Amended org code to EAL","N","26 Mar 2001",""
"EN","10027420","England Netball","","EN","N","","N","27 Oct 2004",""
"ENGHOCK","10027863","England Hockey","","","N","","N","26 Mar 2001",""
"ENGSKI","90000670","English Ski Council T/A Snowsport England","Eng Ski Council","ESC","N","","N","26 Mar 2001",""
"EQL","10022680","Equestrian Qualifications Ltd (formerly British Horse Society)","","EQL","N","","N","26 Mar 2001",""
"ESB","10022679","English Speaking Board (International) Ltd","English Speaking Board","ESB","N","EZ 0607AU: VT: Mod","N","26 Mar 2001",""
"ETCAL","10022678","ETC Awards Limited (Formerly Engineering Training Council Awards Limited)","Engineering Training Cncl Awds","","N","EZ 0607AU: VT: Mod","N","26 Mar 2001",""
"ETTA","10029565","English Table Tennis Association","","","N","","N","26 Mar 2001",""
"EVA","10027373","English Volleyball Association","English Volleyball Association","EVA","N","","N","26 Mar 2001",""
"FAA","10031010","First Aid Awards Ltd","","","N","","N","01 Jul 2010",""
"FAI","10030936","First Aid International Ltd","First Aid International Ltd","","N","","N","01 Dec 2007",""
"FALMOUTHU","10008640","Falmouth University","","","N","","Y","01 Aug 2016",""
"FAQ","10022681","Future (Awards and Qualifications) Ltd  (Formerly First Aid Qualifications)","","FAQ","N","EZ 0607AU: VT: Mod","N","20 Jun 2003",""
"FDQ","10022682","FDQ (Formerly Food and Drink Qualifications)","","","N","","N","26 Mar 2001",""
"FIA","10025312","Fire Industry Association Awarding Organisation","Fire Industry Association","FIA","N","","N","30 Sep 2016",""
"FIRST","10022659","1st4sport Qualifications","","1st4sport","N","","N","26 Mar 2001",""
"FOCUSAWD","10042890","Focus Awards Limited","","","N","","N","01 Sep 2014",""
"FOOTBALL","90000567","Football Association Ltd","Football Association Ltd","FA","N","EZ 0607AU: VT: Mod","N","26 Mar 2001",""
"FPSB","90000610","FPSB UK Ltd","","","N","","N","01 Nov 2012",""
"GATEHOUSE","10036639","Gatehouse Awards Ltd (Formerly EMD (Qualifications) Ltd)","","","N","","N","01 May 2012",""
"GATEWAY","10019564","Gateway Qualifications Limited","","","N","AB. 20140611 Changed from OCNER to GATEWAY","N","26 Mar 2001",""
"GBPF","10043203","Great Britain Powerlifting Federation (Formerly British Powerlifting Association)","","","N","","N","26 Mar 2001",""
"GEM-A","10002653","Gemmological Association of Great Britain","GAGTL","Gem-A","N","","N","26 Mar 2001",""
"GLYUNI","10007833","Glyndwr University","GLYUNI","","N","","Y","13 Feb 2014",""
"GNAS","90000609","Grand National Archery Society","Grand National Archery Society","GNAS","N","","N","26 Mar 2001",""
"GQA","10022683","GQA Qualifications Limited","","GQA","N","EZ 0607AU: VT: Mod","N","26 Mar 2001",""
"GQAL","10022684","Graded Qualifications Alliance","","GQAL","N","EZ 0607AU: VT: Mod","N","01 May 2005",""
"GREEKI","90000515","Greek Institute (The)","Greek Institute","","N","EZ 0607AU: VT: Mod","N","26 Mar 2001",""
"GRMBIFHE","10007938","Grimsby Institute of Further and Higher Education","","","N","","Y","01 Oct 2014",""
"HAB","","Hospitality Awarding Body","","HAB","Y","See CG award organisation code","N","26 Mar 2001","31 Jul 2015"
"HABC","10030505","Highfield Qualifications","","","N","Was formerly Highfield Awarding Body for Compliance","N","01 Nov 2008",""
"HAUC","10040812","Harper Adams University","","","N","Was formerly Harper Adams University College.","Y","26 Mar 2001",""
"HSE","10028187","Health & Safety Executive","Health and Safety Executive","","N","","N","26 Mar 2001",""
"HTA","10031861","Horticultural Trades Association","","HTA","N","","N","26 Mar 2001",""
"HTF","","Stonebow/Hospitality Training Foundation","","HTF","Y","See PPLFIRST award organisation code","N","26 Mar 2001","31 Jul 2015"
"HU","10080811","Hartpury University","","HU","N","","Y","01 Sep 2017",""
"HUAVA","10007151","University of Lincoln","","","N","","Y","26 Mar 2001",""
"HUDDU","10007148","Huddersfield University","","HUDDU","N","","Y","26 Mar 2001",""
"HULLCG","10003200","Hull College","","","N","","Y","01 Aug 2016",""
"HULLU","10007149","Hull University","","HULLU","N","","Y","26 Mar 2001",""
"IA","90000598","Institute of Actuaries","","","N","","N","26 Mar 2001",""
"IAB","10022690","International Association of Book-Keepers","","IAB","N","","N","26 Mar 2001",""
"IAEA","90000526","Institute of Automotive Engineer Assessors","Inst. Automotive Eng Assessors","IAEA","N","EZ 0607AU: VT: Mod","N","26 Mar 2001",""
"IAM","10003322","Institute of Administrative Management","Inst of Administrative Mgt","IAM","N","EZ 0607AU: VT: Mod","N","26 Mar 2001",""
"IANIMAL","10030859","Institute of Animal Technology","Institute of Animal Technology","","N","","N","26 Mar 2001",""
"IAT","90000522","Institute of Asphalt Technology","","IAT","N","","N","26 Mar 2001",""
"IATA","90000582","International Air Transport Authority","Internat Air Transport Auth","IATA","N","","N","26 Mar 2001",""
"IB","90000553","International Baccalaureate","","IBO","N","","N","26 Mar 2001",""
"IBSL","10031499","Institute of Britsh Sign Language","","","N","","N","01 Aug 2010",""
"ICAAE","10022692","International Curriculum and Assessment Agency (Examinations)","","","N","EZ 0607AU: VT: Mod","N","14 Nov 2002",""
"ICAEW","10023923","Institute of Chartered Accountants in England & Wales","Inst of Chartered Accountants","ICAEW","N","","N","26 Mar 2001",""
"ICARP","90000537","Institute of Carpenters","Institute of Carpenters","IOC","N","","N","26 Mar 2001",""
"ICB","90000560","Institute of Certified Book-Keepers","","ICB","N","","N","19 Nov 2002",""
"ICM","","Institute of Credit Management","Institute of Credit Management","ICM","Y","","N","26 Mar 2001","31 Jul 2015"
"ICMA","90000605","Independent Contemporary Music Awards","","ICMA","N","","N","10 Jan 2003",""
"ICOM","10031169","Institute of Commercial Management","","ICM","N","EZ 0607AU: VT: Mod","N","26 Mar 2001",""
"ICQ","10030009","iCan Qualifications Limited","","","N","","N","01 Aug 2011",""
"ICSA","10010192","Institute of Chartered Secretaries & Administrators","Inst. Chart Secretaries/Admin","ICSA","N","EZ 0607AU: VT: Mod","N","26 Mar 2001",""
"IDHEE","90000519","Institute of Domestic Heating & Environmental Engineers","Inst Domestic heating","IDHE","N","","N","26 Mar 2001",""
"IDTA","10036644","International Dance Teachers' Association Ltd","Internat Dance Teachers' Assn","IDTA","N","","N","26 Mar 2001",""
"IEB","90000561","International Examination Board","","IEB","N","","N","26 Mar 2001",""
"IENERGY","10012973","Energy Institute","Institute of Energy","IENERGY","N","","N","26 Mar 2001",""
"IETTL","","Insulation Environmental Training Trust Ltd","Insulation Environmental TTL","IETTL","N","","N","08 Jul 2019",""
"IFA","90000549","Institute of Financial Accountants","","IFA","N","","N","26 Mar 2001",""
"IFE","10036652","Institution of Fire Engineers (The)","Institution of Fire Engineers","IFE","N","EZ 0607AU: VT: Mod","N","26 Mar 2001",""
"IFPA","10016390","International Federation of Professional Aromatherapists (The)","","IFPA","N","","N","27 Oct 2004",""
"IFS","10008289","IFS University College","IFS","IFS","N","20170823 AB. Set Eff To date - new code LIBF added to use from 01/08/2017","Y","26 Mar 2001","31 Jul 2017"
"IHGS","10003330","Institute of Heraldic and Genealogical Studies","Inst Heraldic & Geneal Studies","IHGS","N","","N","26 Mar 2001",""
"ILEX","","Institute of Legal Executives","Institute of Legal Executives","ILEx","Y","EZ 0607AU: VT: Mod \ See CILEX award organisation code","N","26 Mar 2001","31 Jul 2015"
"ILM","10022713","Institute of Leadership & Management","Inst of Leadership & Managemen","ILM","N","EZ 0607AU: VT: Mod","N","26 Mar 2001",""
"IMF","90000544","Institute of Metal Finishing","","IMF","N","EZ 0607AU: VT: Mod","N","26 Mar 2001",""
"IMI","10022714","The Institute of the Motor Industry","","","N","","N","01 Aug 2015",""
"IMIAL","10036642","IMI Awards Ltd","IMI Awards Ltd","IMIAL","N","","N","26 Mar 2001",""
"IMIS","90000557","Institute for the Management of Information Systems","","IMIS","N","EZ 0607AU: VT: Mod","N","26 Mar 2001",""
"IMS","90000527","Institute of Management Services","Inst of Management Services","IMS","N","EZ 0607AU: VT: Mod","N","26 Mar 2001",""
"INNOVATE","10030507","Innovate Awarding","","","N","","N","01 Aug 2015",""
"IOA","10009337","Institute of Acoustics","","IOA","N","EZ 0607AU: VT: Mod","N","26 Mar 2001",""
"IOB","90000523","Institute of Brewing and Distilling","","IGB","N","","N","26 Mar 2001",""
"IOD","10012805","Institute of Directors","Institute of Directors","IoD","N","EZ 0607AU: VT: Mod","N","26 Mar 2001",""
"IOE","10003328","Institute of Export","Institute of Export","","N","","N","26 Mar 2001",""
"IOHOSP","10009508","Institute of Hospitality","Institute of Hospitality","IOHOSP","N","EZ 0607AU: VT: Mod","N","26 Mar 2001",""
"IOL","10022693","IOL Educational Trust (Formerly Institute of Linguists Educational Trust)","","","N","","N","26 Mar 2001",""
"IOSH","90000542","Institution of Occupational Safety & Health","IOSH","IOSH","N","","N","26 Mar 2001",""
"IPD","10009191","Charted Institute of Personnel and Development","IPD","IPD","Y","","N","26 Mar 2001",""
"IPET","10081492","iPET Network Limited","iPET Network Ltd","IPET","N","","N","02 Dec 2020",""
"IPI","90000545","Institute of Professional Investigators","Inst of Prof Investigators","IPI","N","","N","26 Mar 2001",""
"IQ","10033692","Industry Qualifications","","","N","","N","01 Apr 2011",""
"IQL","10033742","Institute of Qualified Lifeguards","","IQL","N","","N","01 May 2005",""
"IRM","10019904","Institute of Risk Management","","IRM","N","","N","26 Mar 2001",""
"IRRV","10022689","Institute of Revenues Rating & Valuation","IRRV","IRRV","N","EZ 0607AU: VT: Mod","N","26 Mar 2001",""
"ISMM","10010706","Institute of Sales & Marketing Management","Inst of Sales & Marketing Magt","ISMM","N","EZ 0607AU: VT: Mod","N","26 Mar 2001",""
"ISTD","10022685","Imperial Society of Teachers of Dancing","","ISTD","N","","N","26 Mar 2001",""
"ITA","90000503","Institute of Transactional Analysis","Inst of Transactional Analysis","","N","","N","26 Mar 2001",""
"ITC","10022694","ITC First Aid Ltd","ITC","ITC","N","","N","19 Aug 2006",""
"ITEC","10035318","ITEC","Internatl Therapy Exam Council","","N","EZ 0607AU: VT: Mod","N","26 Mar 2001",""
"ITOL","90000538","Institute of Training and Occupational Learning","","","N","","N","26 Mar 2001",""
"ITSSAR","90000514","Independent Training Standards Scheme & Register","","ITSSAR","N","","N","26 Mar 2001",""
"IWPD","90000593","Institute of Wood Preserving and Damp-Proofing","Inst of Wood Preserving/Damp-P","IWPD","N","","N","26 Mar 2001",""
"IWSC","90000588","Institute of Wood Science","Institute of Wood Science","IWSc","N","","N","26 Mar 2001",""
"J9108","","England Netball/Federation Euro Netball Assocs","AENA/FENA","","Y","See EN award organisation code","N","26 Mar 2001","31 Jul 2015"
"J9183","90000568","Goethe Institut & Deutscher Volkshochschul-Verband","Goethe Inst & DVV","","N","","N","26 Mar 2001",""
"J9200","90000540","Royal Forestry Society/ABC","Royal Forestry Society/CENTRA","","Y","","N","26 Mar 2001",""
"JIBPMES","90000525","Jt Industry Board for Plumbing Mech Engineering Services","JIB Plumbing Mech.Eng.Services","JIB for PM","N","","N","26 Mar 2001",""
"KFAQ","90000533","KFA Qualifications Quality Assurance","KFA Qualifications","KFAQ","N","EZ 0607AU: VT: Mod","N","26 Mar 2001",""
"KINGSTON","10003678","Kingston University","Kingston University","","N","","Y","01 Feb 2005",""
"KPA","10036645","Kaplan Professional Awards","","","N","","N","01 Jan 2011",""
"KU","10007767","UNIVERSITY OF KEELE trading as Keele University","Keele University","KU","N","","Y","01 Apr 2018",""
"LAMDA","10003758","London Academy of Music & Dramatic Art","London Acad Mus & Dramatic Art","LAMDA","N","EZ 0607AU: VT: Mod","N","26 Mar 2001",""
"LANGUAGECERT","0","Language Cert","","","N","","N","01 Aug 2017",""
"LANTRA","10022695","Lantra Awards Ltd","Lantra Awards Ltd","LANTRA","N","EZ 0607AU: VT: Mod","N","26 Mar 2001",""
"LANU","10007768","Lancaster University","","","N","","Y","26 Mar 2001",""
"LAO","","Lifetime Awarding","","","Y","","N","01 Sep 2009","31 Jul 2016"
"LASER","10036646","Laser Learning Awards","","","N","","N","01 Oct 2007",""
"LCC","10024962","Leeds City College","Leeds City College","LCC","N","","Y","01 Aug 2018",""
"LCL","10029745","Logic Certification Limited","","","N","","N","01 Jul 2012",""
"LCM","90000581","London College of Music and Media","London College of Music","LCM","N","","N","26 Mar 2001",""
"LCMUK","10036647","London Centre of Marketing","","","N","","N","01 Feb 2010",""
"LEARNDCT","10003816","Learndirect Ltd (Formerly University for Industry)","","","N","EZ 0607AU: VT: Mod","N","26 Mar 2001",""
"LEEDSTRU","10003863","Leeds Trinity University","","","N","","Y","01 Aug 2016",""
"LEEDU","10007795","Leeds University","","LEEDU","N","","Y","26 Mar 2001",""
"LG","90000501","Lace Guild","","","N","EZ 0607AU: VT: Mod","N","26 Mar 2001",""
"LHU","10003956","Liverpool Hope University","Liverpool Hope University","","N","","Y","01 Jan 2006",""
"LIBF","10008289","The London Institute of Banking and Finance","","","N","Added August 2017 (Was IFS)","Y","01 Aug 2017",""
"LJM","10003957","Liverpool John Moores University","LJM","LJM","N","EZ 0607AU: VT: Mod","Y","26 Mar 2001",""
"LMU","10003861","Leeds Beckett University","LMU","LMU","N","Formerly Leeds Metropolitan University","Y","26 Mar 2001",""
"LONDON","10007797","University of London               LONDON","LONDON","","N","","Y","26 Mar 2001",""
"LONDONMU","10004048","London Metropolitan University","","LONDONMU","N","","Y","08 Nov 2004",""
"LOUUI","10004113","Loughborough University","","","N","","Y","26 Mar 2001",""
"LRN","10032866","Learning Resource Network","","","N","","N","01 Nov 2011",""
"LU","10006842","University of Liverpool","","LU","N","","Y","26 Mar 2001",""
"MAMSA","90000607","Management & Marketing Sales Association","Mgt & Marketing Sales Assocn","MAMSA","N","","N","26 Mar 2001",""
"MBE","90000507","Montessori Board of Examiners","","","N","EZ 0607AU: VT: Mod","N","27 Oct 2004",""
"MCA","90000524","Maritime & Coastguard Agency","","MCA","N","EZ 0607AU: VT: Mod","N","26 Mar 2001",""
"MCDONALD","10013073","McDonald's Restaurants Ltd","","","N","","N","01 Dec 2008",""
"MFA","90000574","Medic First Aid (formerly Emergency Medical Planning (UK) Ltd)","","MFA","N","Formerly Emergency Medical Planning (UK) Ltd. Changed by consent of Chris","N","26 Mar 2001",""
"MIDU","10004351","Middlesex University","MIDU","","N","","Y","26 Mar 2001",""
"MLTE","10022696","Mountain Training England","","MLTE","N","EZ 0607AU: VT: Mod","N","20 Jun 2003",""
"MLTUK","90000566","Mountain Leader Training UK","","MLTUK","N","","N","20 Jun 2003",""
"MLTW","90000516","Mountain Leader Training Wales","","MLTW","N","EZ 0607AU: VT: Mod","N","20 Jun 2003",""
"MMU","10004180","Manchester Metropolitan University","","MMU","N","","Y","26 Mar 2001",""
"MPQC","10026268","Mineral Products Qualifications Council (Formerly EMP Awarding Body Ltd)","","","N","","N","29 Sep 2006",""
"MRS","10004211","The Market Research Society","","MRS","N","EZ 0607AU: VT: Mod","N","26 Mar 2001",""
"MTB","","Music Teachers' Board","MTB Exams Ltd","MTB Exams","N","","N","09 Aug 2018",""
"MULTI","","Multiple Awarding Bodies","","MULTI","N","","N","17 Jun 2004",""
"NABBA","90000614","National Amateur Bodybuilders Association","Nat Amateur Bodybuilders Ass'n","","N","","N","26 Mar 2001",""
"NAFD","90000594","National Association of Funeral Directors","Nat.Assoc.of Funeral Directors","NAFD","N","EZ 0607AU: VT: Mod","N","26 Mar 2001",""
"NATD","10049177","National Association Of Teachers Of Dancing","","","N","","N","01 Mar 2015",""
"NCC","10021992","NCC Education  Ltd","","NCC","N","","N","26 Mar 2001",""
"NCFE","10009696","NCFE","","NCFE","N","EZ 0607AU: VT: Mod","N","26 Mar 2001",""
"NCG","10004599","NCG","","","N","","Y","01 May 2012",""
"NCTJ","90000583","National Council for the Training of Journalists","Nat C for Trg of Journalists","NCTJ","N","","N","26 Mar 2001",""
"NEA","10030450","New Era Academy of Drama and Music (London) Ltd","","NEA","N","KT 20180801 Amended org code from NEASD","N","01 Aug 2018",""
"NEASD","10030450","New Era Academy (Speech and Drama)","","NEA","N","KT 20180801 Amended org code to NEA","N","26 Mar 2001",""
"NEBDN","90000550","National Examining Board for Dental Nurses","NEB Dental Surgery Nurses","NEBDN","N","","N","26 Mar 2001",""
"NEBOSH","10022698","National Examination Board in Occupational Safety & Health (The)","NEB Occup. Safety & Health","","N","EZ 0607AU: VT: Mod","N","26 Mar 2001",""
"NETWRAIL","10013544","Network Rail","","","N","","N","01 Dec 2008",""
"NEWCOLDR","10004576","New College Durham","","","N","","Y","01 Oct 2012",""
"NEWMAN","10007832","Newman University","","","N","","Y","01 Aug 2014",""
"NFOPP","10030464","National Federation of Property Professionals","","NFOPP","N","EZ 0607AU: VT: Mod","N","26 Mar 2001",""
"NIAT","90000536","National Inter-Action Trust","NIAT","NIAT","N","EZ 0607AU: VT: Mod","N","25 Oct 2004",""
"NIC","90000596","NICEIC Certification (Formally NICEIC)","","","N","","N","21 Jul 2005",""
"NIM","10004746","Northern Institute of Massage","","NIM","N","EZ 0607AU: VT: Mod","N","26 Mar 2001",""
"NJIC","90000615","NJIC","","","N","","N","26 Mar 2001",""
"NOCN","10022697","National Open College Network","","NOCN","N","","N","26 Mar 2001",""
"NONE","","Generic award - no awarding body","Generic","","N","","N","26 Mar 2001",""
"NOTTU","10007154","University of Nottingham (The)","University of Nottingham","NOTTU","N","","Y","01 Apr 2018",""
"NPORS","10004523","National Plant Operators Registration Scheme","National Plant Ops Reg Scheme","","N","EZ 0607AU: VT: Mod","N","26 Mar 2001",""
"NPTA","90000546","National Pest Technicians Association","","","N","","N","26 Mar 2001",""
"NPTC","10022699","City and Guilds Land Based Services (Formerly NPTC)","","","N","EZ 0607AU: VT: Mod","N","26 Mar 2001",""
"NSBRA","90000611","National Small Bore Rifle Association","","NSRA","N","","N","26 Mar 2001",""
"NT","90000617","Nederlandse Taalunie","NT","NT","N","","N","26 Mar 2001",""
"NTU","10004797","Nottingham Trent University","","","N","","Y","26 Mar 2001",""
"OAL","10052758","Occupational Awards Limited","","","N","","N","01 Aug 2015",""
"OBU","10004930","Oxford Brookes University","Oxford Brookes Uni","OBU","N","","Y","26 Mar 2001",""
"OCNCREDI","10023456","OCN Credit4Learning (Formerly Open College Network Oxford, Thames & Chiltern)","","","N","EZ 0607AU: VT: Mod","N","21 Jul 2005",""
"OCNEMR","","Open College Network East Midlands Region","","OCNEMR","Y","","N","26 Mar 2001","31 Jul 2015"
"OCNER","10019564","Open College Network Eastern Region","","OCNER","","","","26 Mar 2001",""
"OCNLR","10036648","Open College Network London Region","Open College Network London","OCNLR","N","","N","01 Aug 2005",""
"OCNNER","10028803","Open College Network North East Region (formerly TROCN/NEOCN)","","OCNNER","N","","","26 Mar 2001",""
"OCNNI","0","OCN Northern Ireland","","","N","","N","01 Aug 2015",""
"OCNNWR","","Open College Network North West Region","","OCNNWR","Y","See OPENAWRD award organisation code","N","01 Oct 2007","31 Jul 2015"
"OCNOTC","","Open College Network Oxford, Thames & Chiltern","OCN Oxford, Thames & Chiltern","OCN OTC","Y","See OCNCREDI award organisation code","N","21 Jul 2005","31 Jul 2015"
"OCNSER","10033170","Open College Network South East Region","","OCNSER","N","","N","01 Oct 2007",""
"OCNSWR","10033054","Open College Network South West Region","","OCNSWR","N","","N","01 Jan 2006","31 Jul 2015"
"OCNWM","10033858","Open College Network West Midlands Region","West Midlands OCN","OCNWM","","EZ 0607AU: VT: Mod","","26 Mar 2001",""
"OCNYHR","","Open College Network (Yorkshire and Humber Region)","","","Y","See CERTA award organisation code","N","26 Mar 2001","30 Sep 2015"
"OCR","10022701","Oxford Cambridge & RSA Examinations","","OCR","N","","N","26 Mar 2001",""
"OFQUAL","90000612","Ofqual","","","N","","N","01 Jan 2008",""
"OFTEC","90000528","Oil Firing Technical Association","","OFTEC","N","EZ 0607AU: VT: Mod","N","26 Mar 2001",""
"ONEAWARDS","10028803","One Awards (Formerly Open College Network North East Region)","","","N","","N","26 Mar 2001",""
"OPENAWRD","10022700","Open Awards","","","N","","N","01 Jun 2011",""
"OPENCOLLEGEWESTMID","","RES","","","","","","01 Jan 2015",""
"OPENCOLLNETWESTMID","10033858","Open College Network West Midlands Region","West Midlands OCN","OCNWM","N","EZ 0607AU: VT: Mod","N","26 Mar 2001",""
"OPITO","10001531","OPITO (formerly Cogent Sector Services Ltd)","","","N","","N","26 Mar 2001",""
"OTHM","10032618","The Organisation for Tourism and Hospitality Management","","","N","","N","01 Apr 2010",""
"OU","10007773","Open University (The)","The Open University","","N","","Y","26 Mar 2001",""
"PAAVQSET","10028273","Process Awards Authority","","","N","","N","26 Mar 2001",""
"PADI","90000504","PADI International Ltd","PADI","PADI","N","EZ 0607AU: VT: Mod","N","26 Mar 2001",""
"PARALEG","10028474","National Association of Paralegals","Nat Assoc Para-Legals","","N","","N","26 Mar 2001",""
"PCD","90000558","Centre for Professionals Complementary to Dentistry","","QMUL/PCD","N","","N","20 Jun 2003",""
"PCN","90000579","PCN (Personnel Certification in Non-Destructive Testing)","","","N","","N","26 Mar 2001",""
"PIABC","90000518","PIABC (Formerly known as Packaging Industry Awarding Body)","","PIABC","N","EZ 0607AU: VT: Mod","N","20 Jun 2003",""
"PLA","90000573","Port of London Authority","Port of London Authority","PLA","N","","N","26 Mar 2001",""
"PMI","10022717","Pensions Management Institute (The)","Pensions Management Inst","PMI","N","","N","26 Mar 2001",""
"PPEB","90000590","Police Promotion Examinations Board","","PPEB","N","","N","26 Mar 2001",""
"PPLFIRST","10005046","People1st (Formerly Stonebow/People 1st)","","","N","","N","21 Jul 2005",""
"PROQUAL","10036649","ProQual","","","N","","N","01 Feb 2011",""
"PRTRUST","10005213","Prince's Trust","","","N","","N","01 Sep 2010",""
"PTUK","90000530","Play Therapy UK","Play Therapy UK","","N","","N","13 Mar 2003",""
"PU","10007155","University of Portsmouth","","","N","","Y","26 Mar 2001",""
"QA","10035908","Qualsafe Awards","","","N","","N","01 Aug 2011",""
"QNUK","10022704","Qualifications Network","Qualifications Network","","N","","N","01 Sep 2007",""
"QUALIFI","10031122","Qualifi Ltd","","","N","","N","01 May 2012",""
"RAD","10005544","Royal Academy of Dance","Royal Academy of Dance","RAD","N","","N","26 Mar 2001",""
"RADI","90000586","Register of Approved Driving Instructors","Reg Approved Driving Instruct","RADI","N","","N","26 Mar 2001",""
"RAU","10005545","Royal Agricultural University (Formerly known as Royal Agricultural College)","","","N","","Y","01 Jan 2006",""
"RAVENSBOURNE","10005389","Ravensbourne University London","","","N","","Y","01 Aug 2017",""
"RCVS","10022769","Royal College of Veterinary Surgeons (The)","Royal College of Vet. Surgeons","RCVS","N","","N","26 Mar 2001",""
"REC","10008044","Recruitment and Employment Confederation","Inst of Employment Consultants","REC","N","","N","26 Mar 2001",""
"REDCROSS","10000932","British Red Cross","","BRC","N","","N","26 Mar 2001",""
"RFS","90000539","Royal Forestry Society of England Wales & Northern Ireland","Royal Forestry Society","RFS","N","","N","26 Mar 2001",""
"RHS","10008671","Royal Horticultural Society","Royal Horticultural Society","RHS","N","EZ 0607AU: VT: Mod","N","26 Mar 2001",""
"RIPH","","Royal Institute of Public Health (The)","Royal Institute of Public Heal","RIPH","Y","See RSPH award organisation code","N","26 Mar 2001","31 Jul 2015"
"RLSS","10033742","Royal Life Saving Society UK","","RLSS UK","N","","N","26 Mar 2001",""
"RMP","90000554","Radcliffe Medical Press","RMP","RMP","N","EZ 0607AU: VT: Mod","N","26 Mar 2001",""
"ROSPA","10005562","Royal Society for the Prevention of Accidents","","ROSPA","N","EZ 0607AU: VT: Mod","N","26 Mar 2001",""
"ROYAGCOL","10005545","Royal Agricultural College","Royal Agricultural College","","N","","N","01 Jan 2006",""
"RPII","10036650","Register of Play Inspectors International Ltd","","","N","","N","01 Jul 2013",""
"RSL","10022705","Rock School Ltd","","","N","EZ 0607AU: VT: Mod","N","26 Mar 2001",""
"RSPH","10030817","Royal Society for Public Health (Formerly Royal Society for the Promotion of Health)","","","N","EZ 0607AU: VT: Mod","N","26 Mar 2001",""
"RTITB","90000565","RTITB Limited","RTITB Ltd","RTITB","N","","N","26 Mar 2001",""
"RYA","10013315","Royal Yachting Association","Royal Yachting Association","RYA","N","EZ 0607AU: VT: Mod","N","26 Mar 2001",""
"SAAVA","","Southern Area Access Validating Agency","","","Y","EZ 0607AU: VT: Mod \ See OCNLR award organisation code","N","26 Mar 2001","31 Jul 2015"
"SALFU","10007156","University of Salford","SALFU","SALFU","N","Formerly Salford University","Y","26 Mar 2001",""
"SAPA","90000543","Safety Pass Alliance (SPA) Ltd","","SPA","N","EZ 0607AU: VT: Mod","N","26 Mar 2001",""
"SBP","10025454","Society of Business Practitioners","Society of Business Practition","SBP","N","","N","26 Mar 2001",""
"SBU","10004078","London South Bank University","","SBU","N","Formerly South Bank University","Y","26 Mar 2001",""
"SDC","10005977","South Devon College (trading as University Centre South Devon)","South Devon College","","N","","Y","18 Mar 2019",""
"SEQ","","Swim England Qualifications","Swim England Quals","SEQ","N","","N","01 Apr 2010",""
"SFEDI","10022212","SFEDI Enterprises Ltd","","","N","","N","01 Feb 2010",""
"SFIA","10012916","Sea Fish Industry Authority","Sea Fish Industry Auth","Seafish","N","","N","26 Mar 2001",""
"SFJAWARD","90000506","SFJ Awards","","","N","","N","01 Jul 2012",""
"SHU","10005790","Sheffield Hallam University","","","N","","Y","26 Mar 2001",""
"SIGNAT","10009484","Signature","","SIGNATURE","N","EZ 0607AU: VT: Mod","N","26 Mar 2001",""
"SKILLSAC","10018958","SkillsActive","SkillsActive","","N","","N","01 Jun 2006",""
"SKILLSFR","10030276","Skillsfirst Awards Ltd","","","N","","N","01 Oct 2009",""
"SLSA","90000578","Surf Life Saving Association of Great Britain","","SLSA","N","","N","01 Nov 2002",""
"SMAE","90000509","SMAE Institute (The)","","SMAE","N","","N","26 Mar 2001",""
"SMC","10039175","Worshipful Company of Spectacle Makers","","SMC","N","EZ 0607AU: VT: Mod","N","26 Mar 2001",""
"SPORTLUK","10022709","Sport Leaders UK","Sport Leaders UK","","N","","N","01 Jul 2006",""
"SQA","10038755","Scottish Qualifications Authority","","SQA","N","","N","26 Mar 2001",""
"SQUASH","10027419","England Squash","","","N","EZ 0607AU: VT: Mod","N","20 Jun 2003",""
"SSAM","90000505","Society of Sales & Marketing","Society of Sales & Marketing","SSAM","N","EZ 0607AU: VT: Mod","N","26 Mar 2001",""
"SST","90000613","Society of Sports Therapists","","","N","EZ 0607AU: VT: Mod","N","26 Mar 2001",""
"SSU","10006022","Southampton Solent University","","","N","","Y","26 Mar 2001",""
"STA","10036651","Safety Training Awards","Safety Training Awards","STA","N","EZ 0607AU: VT: Mod","N","26 Mar 2001",""
"STAFFU","10006299","Staffordshire University","STAFFU","","N","","Y","26 Mar 2001",""
"STGEO","10007782","St. George's University of London","St Georges Uni of London","STGEO","N","","Y","01 Aug 2009",""
"STJOHN","10006186","St John Ambulance","St John Ambulance","","N","EZ 0607AU: VT: Mod","N","26 Mar 2001",""
"STONEBOW","","Stonebow/People 1st","Stonebow","","Y","See PPLFIRST award organisation code","N","21 Jul 2005","31 Jul 2015"
"TCL","10007049","Trinity College London","Trinity College London","TCL","N","","N","26 Mar 2001",""
"TEELINE","90000595","Teeline Education","Teeline Education Ltd","TEELINE","N","","N","26 Mar 2001",""
"TELC","10066031","Telc - Language Tests","Telc - Language Tests","telc","N","","N","30 Jul 2018",""
"TLM","10022715","The Learning Machine","The Learning Machine","","N","","N","01 Mar 2007",""
"TQUK","10043783","Training Qualifications UK Ltd","","","N","","N","01 Dec 2013",""
"TRANSC","","Transcend Awards","Transcend Awards","Transcend","N","","N","28 Jan 2019",""
"TSQC","90000585","Trading Standards Institute","","TSQC","N","","N","26 Mar 2001",""
"TUC","10011029","Trades Union Congress","","TUC","N","","N","26 Mar 2001",""
"TVU","0","Thames Valley University","","","","EZ 0607AU: VT: Mod","","26 Mar 2001",""
"UAL","10007162","University of the Arts London","University of the Arts London","","N","","Y","01 Dec 2007",""
"UCB","10000712","University College Birmingham","","","N","","Y","01 Sep 2014",""
"UCCA","10006427","University for the Creative Arts","","","N","Was formerly University College for the Creative Arts.","Y","01 Aug 2006",""
"UCEM","10008173","University College of Estate Management","","","N","","Y","01 Aug 2015",""
"UCLAN","10007141","University of Central Lancashire","","UCLAN","N","","Y","18 Nov 2002",""
"UCLES","10007788","University of Cambridge","Cambridge Local Exams Synd","UCLES","N","EZ 0607AU: VT: Mod","N","26 Mar 2001",""
"UCPMARJN","10037449","University College Plymouth Marjon","","","N","","Y","01 Oct 2010",""
"UCS","10014001","University of Suffolk (formerly University Campus Suffolk)","","","N","","Y","01 Jul 2016",""
"UCSCP","90000575","University of Cambridge School Classics Project","","","N","","N","10 Jan 2003",""
"UEA","10007789","University of East Anglia","","","N","","Y","26 Mar 2001",""
"UEL","10007144","University of East London","University of East London","","N","","Y","01 Jun 2007",""
"UELGB","90000562","University of East London Global Examinations Board","","","N","","Y","01 Jul 2012",""
"UFI","","University for Industry","","UfI","Y","See LEARNDCT award organisation code","N","26 Mar 2001","31 Jul 2015"
"UKATH","10022451","UK Athletics","UK Athletics","","N","","N","26 Mar 2001",""
"ULSTERU","10007807","Ulster University","","","N","","Y","01 Aug 2017",""
"UNEWCAST","10007799","University Of Newcastle","University Of Newcastle","UNEWCAST","N","","Y","10 Apr 2006",""
"UNIBRI","10000886","The University of Brighton","University of Brighton","UNIBRI","N","","Y","01 Nov 2002",""
"UNIEXE","10007792","University of Exeter","","UOE","N","","Y","26 Mar 2001",""
"UNORTH","10001282","University of Northumbria","UNORTH","","N","","Y","26 Mar 2001",""
"UOB","10007785","University of Bradford","","","N","","Y","26 Mar 2001",""
"UOBATH","10007850","University of Bath","University of Bath","UOBATH","N","","Y","27 Jun 2003",""
"UOBEDS","10007152","University of Bedfordshire","University of Bedfordshire","UOBEDS","N","","Y","01 Aug 2006",""
"UOBRISTL","10007786","University of Bristol","","","N","","Y","01 Dec 2012",""
"UOBUCK","10007787","University of Buckingham","University of Buckingham","UOBUCK","N","","Y","13 Jun 2018",""
"UOCHESTR","10007848","University of Chester","University of Chester","","N","","Y","01 Jul 2006",""
"UOCHICH","10007137","University of Chichester","","","N","","Y","01 May 2008",""
"UOCUMBRI","10007842","University of Cumbria","","","N","","Y","01 Apr 2010",""
"UODE","10007851","University of Derby","University of Derby","UODE","N","","Y","03 Feb 2003",""
"UOESSEX","10007791","University of Essex","","","N","","Y","01 Jul 2012",""
"UOG","","University of Glamorgan","","","Y","** Award Org No Longer Valid - Use UOSW **","Y","26 Mar 2001","31 Jul 2014"
"UOGLOS","10007145","University of Gloucestershire","University of Gloucestershire","UOGLOS","N","","Y","20 Apr 2005",""
"UOGREENW","10007146","University of Greenwich","","","N","","Y","01 Feb 2007",""
"UOH","10007147","University of Hertfordshire","","UOH","N","","Y","26 Mar 2001",""
"UOK","10007150","University of Kent at Canterbury","","UOK","N","","Y","26 Mar 2001",""
"UOLAW","10039956","University of Law","","","N","","Y","01 Aug 2016",""
"UOLE","10007796","University of Leicester","University of Leciester","UOLE","N","","Y","10 Feb 2003",""
"UOM","10007798","University of Manchester","","","N","","Y","26 Mar 2001",""
"UONORTON","10007138","University of Northampton","University of Northampton","","N","","Y","09 Jul 2003",""
"UOPLY","10007801","University of Plymouth","University of Plymouth","UOPLY","N","","Y","05 Mar 2003",""
"UORG","10007802","University of Reading","","UORG","N","","Y","01 Sep 2004",""
"UOROEHMP","10007776","University of Roehampton","","","N","","N","01 Aug 2015",""
"UOS","10007159","University of Sunderland","","","N","","Y","26 Mar 2001",""
"UOSH","10007157","University of Sheffield","","","N","","Y","26 Mar 2001",""
"UOST","10007158","University of Southampton","","","N","","Y","26 Mar 2001",""
"UOSW","10007793","University of South Wales","","","N","","Y","26 Mar 2001",""
"UOSX","10007806","University of Sussex","","","N","","Y","26 Mar 2001",""
"UOSY","10007160","University of Surrey","","UOSY","N","","Y","26 Mar 2001",""
"UOT","10007161","University of Teesside","","UOT","N","","Y","26 Mar 2001",""
"UOW","10008574","University of Wales ","UOW","UOW","N","","N","01 Aug 2014",""
"UOWAR","10007163","University of Warwick","University of Warwick","","N","","Y","27 Jun 2003",""
"UOWINCH","10003614","University of Winchester","University of Winchester","","N","","Y","01 Jul 2006",""
"UOWL","10006566","University of West London","","","N","EZ 0607AU: VT: Mod","Y","26 Mar 2001",""
"UOWR","10007139","University of Worcester","","","N","","Y","26 Mar 2001",""
"UOWTSD","10007858","University of Wales: Trinity Saint David","","","N","","Y","01 Aug 2014",""
"UOY","10007167","University of York","","","N","","Y","26 Mar 2001",""
"UW","10007165","University of Westminster","","","N","","Y","26 Mar 2001",""
"UWE","10007164","University of the West of England","","UWE","N","","Y","26 Mar 2001",""
"VCM","90000510","Victoria College Examinations","Victoria College Exams","VCM","N","EZ 0607AU: VT: Mod","N","26 Mar 2001",""
"VETSKILL","0","VetSkill Limited","","","N","","N","01 Aug 2015",""
"VTCT","10022592","Vocational Training Charitable Trust","Voc Training Charitable Trust","","N","","N","26 Mar 2001",""
"WABBA","10025213","WABBA Qualifications (World Amateur Body Builders Association)","","WABBA","N","","N","26 Mar 2001",""
"WAFT","90000589","Worldwide Air Fares Training","","","N","","N","26 Mar 2001",""
"WAMITAB","10007330","Waste Management Industry Training & Advisory Board","Waste Management ITAB","WAMITAB","N","","N","26 Mar 2001",""
"WARWKCLG","10007859","Warwickshire College Group","","","N","","N","01 Aug 2015",""
"WBA","90000577","Basketball Association of Wales (The)","Basketball Assoc of Wales","WBA","N","","N","26 Mar 2001",""
"WCAN","90000534","Welsh Canoeing Association","Welsh Canoeing Association","WCA","N","EZ 0607AU: VT: Mod","N","26 Mar 2001",""
"WCF","10039443","Worshipful Company of Farriers","WCF","WCF","N","","N","26 Mar 2001",""
"WCL","90000571","Worshipful Company of Loriners","","WCL","N","EZ 0607AU: VT: Mod","N","26 Mar 2001",""
"WJA","90000576","Welsh Judo Association","","WJA","N","","N","26 Mar 2001",""
"WJEC","10022716","WJEC (Formerly Welsh Joint Education Committee)","","","N","","N","26 Mar 2001",""
"WNA","10033060","Welsh Netball Association","Welsh Netball Association","","N","","N","26 Mar 2001",""
"WRU","90000592","Welsh Rugby Union","Welsh Rugby Union","WRU","N","","N","26 Mar 2001",""
"WSAL","90000513","Worshipful Society of Apothecaries of London","Worshipful Soc of Apothecaries","WSAL","N","","N","26 Mar 2001",""
"WSET","10007543","Wine & Spirit Education Trust","Wine & Spirit Education Trust","WSET","N","EZ 0607AU: VT: Mod","N","26 Mar 2001",""
"WTB","90000548","Wales Tourist Board","","WTB","N","EZ 0607AU: VT: Mod","N","26 Mar 2001",""
"WU","10007166","Wolverhampton University","Wolverhampton University","WU","N","","Y","26 Mar 2001",""
"WWTA","90000508","Welsh Weight Training Association","Welsh Weight Training Assoc","WWTA","N","EZ 0607AU: VT: Mod","N","26 Mar 2001",""
"YMCA","10008155","YMCA Awards","","","N","20150706 Replaces CYQ","N","01 Jul 2015",""
"YORKSTJO","10007713","York St John University","","","N","","Y","01 Jun 2008",""
